CHR,SNP,BP,A1,A2,weight
1,rs10489271,173067216,C,T,1
1,rs10745331,113186778,T,G,1
1,rs10857967,113120593,G,A,1
1,rs10863330,217766084,G,A,1
1,rs10863328,217760885,G,C,1
1,rs10924058,116862598,G,A,1
1,rs11117882,217736417,G,A,1
1,rs11102513,113160170,T,C,1
1,rs11102514,113160419,T,C,1
1,rs11117890,217760821,T,C,1
1,rs11206825,56944045,G,A,1
1,rs11265192,159401214,T,C,1
1,rs12024821,217769794,G,A,1
1,rs12027951,217762182,C,A,1
1,rs12048528,113210534,C,A,1
1,rs12136420,115569621,T,G,1
1,rs12135023,115505777,G,A,1
1,rs12402929,113072293,G,C,1
1,rs12406906,113117900,T,G,1
1,rs12402469,113076625,G,A,1
1,rs12138335,113122760,T,C,1
1,rs12562952,11927056,T,C,1
1,rs12563544,217762919,T,A,1
1,rs12567136,11883731,T,C,1
1,rs12401734,113071834,T,C,1
1,rs12753716,11928641,T,C,1
1,rs12750621,113206502,G,C,1
1,rs12757740,159337031,G,A,1
1,rs12739994,113131159,T,C,1
1,rs13306567,11860465,C,G,1
1,rs16826624,40323838,C,A,1
1,rs16845400,173061578,G,A,1
1,rs1591899,115514598,G,A,1
1,rs1620668,113023980,G,A,1
1,rs1575069,115568028,T,A,1
1,rs1575070,115567885,T,C,1
1,rs17030613,113190807,C,A,1
1,rs17037390,11860843,G,A,1
1,rs17037425,11870383,G,A,1
1,rs17376328,11876662,G,A,1
1,rs17367504,11862778,G,A,1
1,rs1759693,113023292,T,C,1
1,rs1801131,11854476,T,G,1
1,rs1886729,42363966,G,A,1
1,rs1932077,116861809,G,C,1
1,rs198375,11913757,T,C,1
1,rs2050265,11879699,G,A,1
1,rs2147904,42371414,T,C,1
1,rs2180768,52717821,G,A,1
1,rs2786487,42368339,G,C,1
1,rs2924863,13797711,T,G,1
1,rs2932538,113216543,G,A,1
1,rs2932539,113215786,G,A,1
1,rs360590,115470911,G,A,1
1,rs360596,115473559,G,A,1
1,rs3790612,113084146,G,A,1
1,rs360593,115472265,T,G,1
1,rs360667,115481451,G,C,1
1,rs3748656,113236681,T,C,1
1,rs3795819,113234179,T,C,1
1,rs4523580,217764772,G,C,1
1,rs4839257,113219388,T,A,1
1,rs4846426,217761193,G,A,1
1,rs4846427,217766810,C,A,1
1,rs4838960,113163632,T,G,1
1,rs506934,115488314,T,A,1
1,rs6537742,113085197,C,A,1
1,rs6537740,113080084,T,G,1
1,rs6537745,113154080,T,C,1
1,rs6537747,113179597,T,C,1
1,rs6668533,113064468,G,A,1
1,rs6682678,113206920,G,A,1
1,rs6668659,11922298,T,G,1
1,rs7528356,184527010,G,A,1
1,rs7520438,184526909,T,C,1
1,rs6693711,116838763,G,A,1
1,rs6681371,113101168,T,G,1
1,rs7535757,57009462,G,A,1
1,rs6690292,113188419,T,C,1
1,rs7415988,113159730,T,G,1
1,rs7516421,113089696,T,C,1
1,rs7527076,113150481,G,A,1
1,rs7530810,115570468,G,A,1
1,rs7523360,115570842,T,G,1
1,rs7542792,116822125,T,G,1
1,rs7537765,11887303,G,A,1
1,rs7551933,113086706,T,C,1
1,rs812487,42366198,G,A,1
1,rs999923,113110548,T,C,1
1,rs12143684,88989017,G,C,1
2,rs10174617,43016065,G,A,1
2,rs10178975,37514564,T,C,1
2,rs10196492,43018534,T,G,1
2,rs10193013,43017416,T,C,1
2,rs10200074,164456598,T,C,1
2,rs10490656,37231708,G,A,1
2,rs11124868,42478938,T,A,1
2,rs11124892,43014304,C,A,1
2,rs1000523,72497005,C,G,1
2,rs11124575,37500435,G,C,1
2,rs11675336,42473972,G,A,1
2,rs10167379,43397160,G,A,1
2,rs10167465,43397176,G,A,1
2,rs1121308,165042064,T,C,1
2,rs1121309,165042442,G,A,1
2,rs10182264,42942105,G,A,1
2,rs10178138,72482739,G,C,1
2,rs10205108,72483919,G,A,1
2,rs10192978,42454899,G,C,1
2,rs10196589,72468974,T,C,1
2,rs11883440,43123189,T,C,1
2,rs10221769,72479054,T,A,1
2,rs10221767,72478909,G,A,1
2,rs10204405,165047746,G,A,1
2,rs10432461,165064506,T,A,1
2,rs10865393,73075883,T,A,1
2,rs12475350,42484616,G,A,1
2,rs10865186,43193347,T,C,1
2,rs11124919,43382351,G,A,1
2,rs11126385,73059589,G,A,1
2,rs1123199,72496299,T,C,1
2,rs1150500,73121443,G,A,1
2,rs11124906,43197221,G,C,1
2,rs11124923,43389796,G,C,1
2,rs11674418,43381248,G,A,1
2,rs12712841,42741424,G,C,1
2,rs1159766,72464241,T,C,1
2,rs1161267,73122181,G,A,1
2,rs1275977,26922855,G,A,1
2,rs11682412,72116006,G,C,1
2,rs11694921,72506035,G,A,1
2,rs11687999,165066358,T,C,1
2,rs11689842,43158542,G,A,1
2,rs1191685,114094984,G,C,1
2,rs11891401,165086747,T,A,1
2,rs11890952,43077743,G,C,1
2,rs11894160,73063018,G,C,1
2,rs12995492,42454461,G,A,1
2,rs11896488,43077509,T,C,1
2,rs12466026,72438488,T,A,1
2,rs12464602,43397614,G,A,1
2,rs12998043,43018054,T,C,1
2,rs12476790,43184504,T,C,1
2,rs12463826,165096178,G,A,1
2,rs12466112,72438759,G,A,1
2,rs12620065,73098548,G,A,1
2,rs12623121,43379903,G,A,1
2,rs12622275,73074335,T,C,1
2,rs12713775,73042768,T,C,1
2,rs12989141,73059116,T,G,1
2,rs13004226,165080678,G,C,1
2,rs13021222,165047905,G,C,1
2,rs12994646,73074473,T,C,1
2,rs12995799,165090390,T,C,1
2,rs13034053,165076399,T,A,1
2,rs13008515,72986104,T,C,1
2,rs13030081,165087840,T,C,1
2,rs13035036,43190388,G,A,1
2,rs13027527,165078704,G,A,1
2,rs13035934,165073072,G,A,1
2,rs13389524,72480428,T,G,1
2,rs13395387,43076226,C,A,1
2,rs13395650,43076271,G,A,1
2,rs13396426,43111944,G,A,1
2,rs13409185,43180500,G,A,1
2,rs13423691,43369101,T,C,1
2,rs1371192,165042646,G,C,1
2,rs1371180,165128619,T,A,1
2,rs1371181,165076728,T,C,1
2,rs1371183,165099333,T,C,1
2,rs1371177,165059824,G,A,1
2,rs1439645,42946885,T,C,1
2,rs1439648,42946565,T,C,1
2,rs1439211,165094300,C,A,1
2,rs1439208,165058097,T,G,1
2,rs1446468,164963486,T,C,1
2,rs1508060,73078673,T,C,1
2,rs1508063,73103876,T,C,1
2,rs1561469,165104198,C,A,1
2,rs1550861,43158832,T,C,1
2,rs1561606,164457461,T,C,1
2,rs1561507,42938386,T,C,1
2,rs1567229,73106594,T,C,1
2,rs16848690,164456639,T,C,1
2,rs16849404,165130868,G,A,1
2,rs17020136,37248015,T,C,1
2,rs17724860,72486812,T,C,1
2,rs1807282,114110036,A,T,1
2,rs17724205,72437501,G,A,1
2,rs194237,72398935,G,C,1
2,rs1876491,73107145,T,G,1
2,rs1876492,73107288,G,C,1
2,rs1867852,43157797,T,C,1
2,rs1898839,165062614,G,A,1
2,rs1898841,165070207,T,C,1
2,rs1966469,230319228,C,A,1
2,rs2011494,43158208,G,A,1
2,rs2033835,42467043,G,C,1
2,rs1992284,43065555,T,C,1
2,rs2041840,37467264,T,C,1
2,rs2109960,72513414,G,A,1
2,rs2052924,43385264,T,C,1
2,rs2048172,73105933,T,C,1
2,rs2115859,43386092,T,C,1
2,rs2135982,73060581,T,C,1
2,rs2159823,72471218,G,C,1
2,rs2246363,145783282,G,A,1
2,rs2300880,37537485,G,A,1
2,rs2374442,43002930,G,A,1
2,rs2421095,73113524,G,A,1
2,rs2390002,165128044,G,C,1
2,rs2568380,38705004,G,A,1
2,rs2586970,55829967,G,A,1
2,rs2374432,42741914,T,G,1
2,rs2540977,37462228,T,A,1
2,rs268264,164952970,G,A,1
2,rs291338,240149962,G,A,1
2,rs2888844,43156905,T,C,1
2,rs2950790,145759721,G,A,1
2,rs3770755,37574134,G,C,1
2,rs3796041,37217622,C,A,1
2,rs3816184,43015757,G,A,1
2,rs3816185,43015902,G,A,1
2,rs3901734,145769102,T,C,1
2,rs41416,72405008,G,C,1
2,rs41408,72411003,T,C,1
2,rs3796075,42722410,T,A,1
2,rs3772062,43017045,T,C,1
2,rs3816179,43015401,T,C,1
2,rs3816183,43015719,T,C,1
2,rs41393,72425292,G,A,1
2,rs4368378,42737810,G,A,1
2,rs41387,72429650,T,C,1
2,rs438885,165052291,T,A,1
2,rs4332966,43083831,T,G,1
2,rs4284880,43077192,T,C,1
2,rs4564826,43058278,G,A,1
2,rs448798,165052533,G,A,1
2,rs4441488,165065627,T,C,1
2,rs4467324,42944108,T,C,1
2,rs4667739,165115638,C,A,1
2,rs4668424,164454604,T,C,1
2,rs4852893,73041727,C,A,1
2,rs4952667,43372634,G,A,1
2,rs4952948,43148487,G,A,1
2,rs4952971,43373119,G,A,1
2,rs4953573,42934338,C,A,1
2,rs4953669,43069976,C,A,1
2,rs4953698,43183939,G,A,1
2,rs4953575,42935557,G,A,1
2,rs4953664,43024676,C,A,1
2,rs4852288,72505475,T,G,1
2,rs6544507,42372986,C,A,1
2,rs6544590,42944541,G,A,1
2,rs6544620,43184807,G,A,1
2,rs6544629,43369767,G,A,1
2,rs6546731,72116933,C,A,1
2,rs6546756,72504809,G,A,1
2,rs6707553,43117026,G,A,1
2,rs6544601,43043308,T,G,1
2,rs6544597,43013593,T,G,1
2,rs6544600,43033345,T,C,1
2,rs6544619,43184729,T,C,1
2,rs6544535,42518107,T,C,1
2,rs6546752,72486843,T,C,1
2,rs6546786,73084019,T,C,1
2,rs6546787,73084049,T,C,1
2,rs6546789,73084267,T,C,1
2,rs6546790,73084802,T,C,1
2,rs6715170,43088304,G,A,1
2,rs6720343,42924330,C,A,1
2,rs6723869,37220811,G,A,1
2,rs6709006,37212057,G,C,1
2,rs6722117,43155543,G,A,1
2,rs6712598,48457213,G,T,1
2,rs6726740,165050128,T,G,1
2,rs6727165,43091163,G,C,1
2,rs6742264,72504516,G,A,1
2,rs6742976,43389438,G,A,1
2,rs6758802,73075563,T,A,1
2,rs6739002,73072156,T,C,1
2,rs6746422,43182850,T,C,1
2,rs6753229,165046486,G,C,1
2,rs754868,43185532,G,A,1
2,rs731205,42921899,T,G,1
2,rs7558452,43153794,T,A,1
2,rs7349377,43379248,G,C,1
2,rs7355325,43074225,T,C,1
2,rs7570103,73095338,G,A,1
2,rs7586787,73059915,T,A,1
2,rs7572752,42372279,G,A,1
2,rs7583085,43022968,G,A,1
2,rs7582737,43082899,G,A,1
2,rs7582792,42380178,G,C,1
2,rs7583914,73083865,G,A,1
2,rs7592155,73048938,G,A,1
2,rs7588602,73042144,G,C,1
2,rs7572130,164460947,G,A,1
2,rs7600718,73008851,G,A,1
2,rs7587391,165058449,T,C,1
2,rs7602275,43191772,G,C,1
2,rs7604423,43382741,G,C,1
2,rs8243,37477794,C,A,1
2,rs920392,43019364,G,C,1
2,rs920393,43022408,T,G,1
2,rs893730,43015366,T,A,1
2,rs893731,43015432,T,C,1
2,rs895505,43157447,T,C,1
2,rs893727,43056139,T,G,1
2,rs908614,72155152,T,C,1
2,rs9309463,72482299,T,A,1
2,rs979223,165095021,C,A,1
2,rs1191684,114095279,T,C,1
3,rs1013431,48029118,C,A,1
3,rs1014228,47652639,T,C,1
3,rs11130139,47606570,G,C,1
3,rs10804833,169173670,G,A,1
3,rs10936588,169319801,G,A,1
3,rs11128722,14958126,G,A,1
3,rs11130148,47771287,G,A,1
3,rs11130143,47656433,T,C,1
3,rs11130152,48056409,T,C,1
3,rs11707679,47956506,T,C,1
3,rs11709954,27421427,T,C,1
3,rs11712464,47765547,T,C,1
3,rs11714518,48156635,T,C,1
3,rs11718991,27452944,G,A,1
3,rs11720151,48140634,G,A,1
3,rs11924206,14933222,T,G,1
3,rs11922492,30399578,T,C,1
3,rs11927257,27334294,T,C,1
3,rs11925504,14943965,G,A,1
3,rs12486714,48148700,G,C,1
3,rs12495221,48179178,T,C,1
3,rs12496329,169152663,T,C,1
3,rs12496784,48186267,T,C,1
3,rs12495204,47762030,G,A,1
3,rs13059932,114276871,T,G,1
3,rs1290790,169091569,T,A,1
3,rs1290784,169096900,T,C,1
3,rs1290786,169097381,T,C,1
3,rs1273881,169109823,G,A,1
3,rs1273884,169094763,G,A,1
3,rs1273886,169091253,G,A,1
3,rs13077230,47873722,G,C,1
3,rs13079407,47861575,T,G,1
3,rs13085782,27404390,G,C,1
3,rs13063291,27446285,T,A,1
3,rs13074973,48028144,T,A,1
3,rs13084067,27358935,T,A,1
3,rs13075192,27279235,T,C,1
3,rs13082711,27537909,T,C,1
3,rs13087873,27392326,T,C,1
3,rs13075457,48054553,G,A,1
3,rs13077400,27473066,G,A,1
3,rs13078798,27445971,G,A,1
3,rs1343040,169186293,G,A,1
3,rs13091913,47803797,T,C,1
3,rs13097178,27527920,T,C,1
3,rs13082777,27421942,G,A,1
3,rs13094264,47764213,G,A,1
3,rs13094827,169183469,G,A,1
3,rs1362773,169310735,T,G,1
3,rs1388785,27371843,T,C,1
3,rs1388786,27372222,G,A,1
3,rs1389301,14887029,G,A,1
3,rs13433970,27147320,T,C,1
3,rs1486915,47822543,C,A,1
3,rs1464614,47654375,T,G,1
3,rs1403579,47659379,T,C,1
3,rs1528293,169154511,T,A,1
3,rs1494422,27375190,T,C,1
3,rs1522153,27170777,G,A,1
3,rs1550914,47995168,C,A,1
3,rs1623112,14892872,T,C,1
3,rs1687294,14889740,C,A,1
3,rs1687304,14954253,G,A,1
3,rs1687295,14889756,T,C,1
3,rs1687302,14954628,T,C,1
3,rs1687335,14940611,T,C,1
3,rs1689525,14887643,T,C,1
3,rs16853620,169100117,G,A,1
3,rs17485347,169127519,C,A,1
3,rs172429,14905513,T,G,1
3,rs172414,14946117,G,A,1
3,rs17079785,47784650,T,C,1
3,rs17682751,27497027,T,C,1
3,rs184388,47939626,G,A,1
3,rs182403,14903391,T,C,1
3,rs1845700,27572710,G,A,1
3,rs1918966,169128274,G,A,1
3,rs1918969,169139890,T,C,1
3,rs1918974,169165888,T,C,1
3,rs1918975,169179876,T,C,1
3,rs2014590,169146497,T,C,1
3,rs2121754,48046900,C,A,1
3,rs2087919,14928335,T,G,1
3,rs2117774,14939364,G,A,1
3,rs2131205,27428501,G,A,1
3,rs2172297,27428423,G,A,1
3,rs2140335,47705115,T,C,1
3,rs223102,169100755,T,C,1
3,rs2166772,48047874,T,C,1
3,rs2307090,14939679,G,A,1
3,rs2307088,14942024,T,C,1
3,rs2421647,169113110,C,A,1
3,rs2370995,27428216,T,C,1
3,rs2643825,27562613,G,A,1
3,rs2643827,27567804,G,A,1
3,rs319685,47931984,C,A,1
3,rs294636,14899778,T,G,1
3,rs293913,14947620,T,C,1
3,rs319690,47927484,T,C,1
3,rs319694,47884953,T,C,1
3,rs293906,14942675,G,A,1
3,rs2840088,27428371,G,A,1
3,rs3772399,47867727,G,C,1
3,rs3736312,27442336,G,A,1
3,rs3755637,47622210,G,A,1
3,rs3755652,27472936,T,C,1
3,rs3816881,27432888,T,C,1
3,rs3817581,169181582,T,C,1
3,rs3915654,47868622,T,C,1
3,rs428239,27555566,G,C,1
3,rs440646,11291171,T,G,1
3,rs419076,169100886,T,C,1
3,rs4245909,169172788,G,A,1
3,rs4274776,47647358,T,C,1
3,rs4392441,48077701,T,C,1
3,rs4599334,48066400,C,A,1
3,rs448378,169100899,G,A,1
3,rs4684243,14931118,T,A,1
3,rs4685233,14948139,G,A,1
3,rs480238,27347577,T,A,1
3,rs4858887,48092017,C,A,1
3,rs4858881,48123796,G,C,1
3,rs480646,27327143,T,C,1
3,rs4681794,56776908,T,C,1
3,rs4858810,48043737,G,A,1
3,rs537674,27361901,T,G,1
3,rs4955647,169121931,T,A,1
3,rs4955658,169171347,T,G,1
3,rs569960,27329540,T,C,1
3,rs594466,27362069,T,C,1
3,rs513546,27348920,G,A,1
3,rs578501,27344963,G,A,1
3,rs586229,27354520,G,A,1
3,rs4973770,27425815,T,C,1
3,rs5012971,48074547,T,C,1
3,rs6442070,47589542,T,G,1
3,rs6442108,48192959,G,C,1
3,rs6440963,154652361,T,G,1
3,rs646577,27352225,G,A,1
3,rs6442101,48130893,T,C,1
3,rs6442485,14937047,T,C,1
3,rs6442082,47785481,G,A,1
3,rs6442102,48152562,G,A,1
3,rs6442109,48192981,G,A,1
3,rs6772301,47723856,T,A,1
3,rs6773733,27502131,C,A,1
3,rs6777632,47790265,T,A,1
3,rs6776963,47830741,C,A,1
3,rs6766754,48182589,T,C,1
3,rs6768699,47752748,G,A,1
3,rs6770467,48019232,G,A,1
3,rs6770477,48019258,G,A,1
3,rs6792497,47735174,T,A,1
3,rs6779380,169111915,T,C,1
3,rs6785031,47595879,T,C,1
3,rs6785669,47757261,T,C,1
3,rs6774008,169302430,G,A,1
3,rs9637451,169148435,C,A,1
3,rs6806860,47749708,C,A,1
3,rs6797389,27502070,T,G,1
3,rs6783335,154651919,T,C,1
3,rs6792350,47838941,T,C,1
3,rs6803741,48123540,T,C,1
3,rs6804440,27398150,T,C,1
3,rs6789597,14890893,G,A,1
3,rs6789614,14890939,G,A,1
3,rs6797400,169189417,G,A,1
3,rs6797587,48197614,G,A,1
3,rs6800730,48174210,G,A,1
3,rs683503,27348094,T,C,1
3,rs7374376,48172687,T,C,1
3,rs7374482,48168390,G,A,1
3,rs7627645,48093133,T,A,1
3,rs7430913,48032357,T,G,1
3,rs7427418,48022707,T,C,1
3,rs7430879,48038714,T,C,1
3,rs7433678,48037078,G,A,1
3,rs7625337,27516853,T,G,1
3,rs7617773,48193515,T,C,1
3,rs7618758,47762483,T,C,1
3,rs7619166,169330871,T,C,1
3,rs7624474,47689276,T,C,1
3,rs7625884,30393943,T,C,1
3,rs7613934,47682171,G,A,1
3,rs7635958,27385616,C,A,1
3,rs7644466,27515271,G,C,1
3,rs7638103,47769075,T,C,1
3,rs9848150,100861226,T,A,1
3,rs7645846,47782319,T,C,1
3,rs7650165,27462440,T,C,1
3,rs7624353,154648728,G,A,1
3,rs7626980,169155318,G,A,1
3,rs7631950,47633355,G,A,1
3,rs7642590,48099750,G,A,1
3,rs7648549,14930278,G,A,1
3,rs7651237,48105528,G,A,1
3,rs870622,47660173,T,G,1
3,rs903064,14929806,G,C,1
3,rs903346,27375517,G,C,1
3,rs902448,14929123,T,C,1
3,rs902450,14928771,G,A,1
3,rs903055,14925256,G,A,1
3,rs9290369,169324783,G,C,1
3,rs9290370,169325013,T,G,1
3,rs936428,48167281,G,A,1
3,rs9290366,169117005,G,A,1
3,rs9310843,27371260,G,A,1
3,rs9811277,48011638,G,A,1
3,rs9825114,48138082,G,A,1
3,rs9850919,169177924,T,C,1
3,rs9832957,48185266,G,A,1
3,rs9854454,48012797,T,C,1
3,rs988397,169098791,T,C,1
3,rs988398,169098861,T,C,1
3,rs997680,27443638,G,A,1
3,rs411209,52011879,T,C,1
4,rs10004996,38383633,T,C,1
4,rs11099098,81169912,T,G,1
4,rs1902859,81157703,T,C,1
4,rs1123037,156514725,T,A,1
4,rs2291433,38387075,T,G,1
4,rs17004846,81158221,G,A,1
4,rs16998073,81184341,T,A,1
4,rs1487634,38390206,T,C,1
4,rs1458038,81164723,T,C,1
4,rs13149993,81158545,G,A,1
4,rs1379707,81180379,T,C,1
4,rs13143871,156619204,T,C,1
4,rs13139571,156645513,C,A,1
4,rs13116385,103373286,G,A,1
4,rs13107325,103188709,T,C,1
4,rs13106448,138372073,T,G,1
4,rs12506270,38386524,T,C,1
4,rs12509057,38386658,G,C,1
4,rs12054583,81181388,G,A,1
4,rs12505335,38385931,T,A,1
4,rs983014,38388073,T,A,1
4,rs2306557,156617994,G,A,1
4,rs7686601,81160632,G,C,1
4,rs3733336,81207963,G,A,1
4,rs4864420,138374116,T,G,1
4,rs10002012,156337303,T,C,1
4,rs1001037,156513518,T,C,1
4,rs10029150,156645298,G,C,1
4,rs10518337,120574874,C,A,1
4,rs10517622,156499671,G,A,1
4,rs11724647,156646340,T,A,1
4,rs11722059,156663407,C,A,1
4,rs13150093,156516730,G,A,1
4,rs1380620,156325932,T,C,1
4,rs1460128,156325539,T,C,1
4,rs1483044,156481490,T,C,1
4,rs1517292,156329919,T,A,1
4,rs17032974,156328257,G,C,1
4,rs17060191,175043876,T,C,1
4,rs1842896,156511459,T,G,1
4,rs1976041,156486040,G,A,1
4,rs2341599,156433308,G,A,1
4,rs2625245,156511646,G,A,1
4,rs2705455,156502857,G,A,1
4,rs3796606,81194090,G,A,1
4,rs3796592,156631345,T,C,1
4,rs4690957,156338194,G,A,1
4,rs4691707,156441314,G,A,1
4,rs6826295,38397877,T,A,1
4,rs6833007,156480506,T,A,1
4,rs6821280,156489668,G,C,1
4,rs6827834,81200645,T,C,1
4,rs6825274,156501307,G,A,1
4,rs6847588,156482874,T,A,1
4,rs6850722,156472766,T,C,1
4,rs6854718,156492946,G,A,1
4,rs7656731,27614575,T,C,1
4,rs7660933,156676248,T,C,1
4,rs7660498,2244865,G,A,1
4,rs7692387,156635309,G,A,1
4,rs7698460,156666219,G,A,1
4,rs990619,156507678,G,C,1
5,rs10040357,179095758,A,G,1
5,rs10476244,157829686,G,A,1
5,rs1173484,157565697,C,A,1
5,rs1173476,157556909,T,G,1
5,rs10035659,87285817,T,A,1
5,rs10037337,157862392,T,G,1
5,rs10044821,157877068,T,C,1
5,rs10052036,157847072,G,A,1
5,rs1007401,148382965,G,A,1
5,rs10076730,157816992,T,C,1
5,rs10214259,87430946,G,A,1
5,rs10214268,157807795,G,A,1
5,rs10479453,179457898,T,C,1
5,rs10477399,148347543,G,A,1
5,rs11168079,148377838,C,A,1
5,rs11168078,148377582,T,C,1
5,rs1173479,157558933,G,A,1
5,rs1173485,157569829,G,A,1
5,rs12187534,157829572,C,A,1
5,rs11953630,157845402,T,C,1
5,rs11959259,157876586,T,C,1
5,rs11960210,157817634,T,C,1
5,rs12187017,157849295,G,A,1
5,rs12153124,148389198,T,C,1
5,rs1173771,32815028,G,A,1
5,rs12716338,157832749,G,A,1
5,rs12188031,157812020,T,C,1
5,rs13153555,157833993,G,C,1
5,rs13164055,87311560,T,C,1
5,rs13172797,157833017,T,C,1
5,rs1184242,157557108,T,C,1
5,rs12716343,157876884,T,C,1
5,rs13436524,87252724,G,A,1
5,rs13354898,87256610,T,C,1
5,rs1549907,148392565,T,C,1
5,rs1569186,87256406,G,A,1
5,rs1458053,32690413,G,A,1
5,rs1957554,157506340,T,C,1
5,rs1957563,157474590,T,C,1
5,rs2025215,157509770,G,A,1
5,rs1569187,87256806,G,A,1
5,rs17795097,148369653,C,A,1
5,rs169240,95685235,T,C,1
5,rs16902946,87278816,T,C,1
5,rs17722209,148406386,T,C,1
5,rs1957550,157510304,G,A,1
5,rs1881547,87254293,T,C,1
5,rs1957551,157510169,G,A,1
5,rs1957562,157478630,G,A,1
5,rs17609994,157472544,G,A,1
5,rs2178270,87249313,T,C,1
5,rs17242380,157456997,T,C,1
5,rs2984630,157508566,T,C,1
5,rs3096004,157509523,T,C,1
5,rs2962389,157503943,C,A,1
5,rs2962391,157508114,G,A,1
5,rs3096002,157492454,T,G,1
5,rs11956248,141822002,T,G,1
5,rs4551053,157838542,G,A,1
5,rs271926,95737674,T,C,1
5,rs4704936,157816045,T,G,1
5,rs4704938,157834631,G,C,1
5,rs3096014,157458145,G,A,1
5,rs4704937,157834620,T,C,1
5,rs2419914,157844886,G,A,1
5,rs2419917,157861463,G,A,1
5,rs2419912,157844535,T,C,1
5,rs4273587,157853522,G,A,1
5,rs4867470,32692536,C,A,1
5,rs4916802,87329636,G,A,1
5,rs4704775,157824556,G,A,1
5,rs4704941,157862615,G,A,1
5,rs2984639,157497756,G,A,1
5,rs6863563,157807201,T,A,1
5,rs7708926,157837767,T,C,1
5,rs7710580,157855653,T,C,1
5,rs6885467,148379555,G,C,1
5,rs737021,87357286,T,C,1
5,rs7700770,87339384,G,A,1
5,rs7700842,157824183,T,C,1
5,rs7704297,148390295,T,C,1
5,rs7715279,32689875,T,A,1
5,rs7715501,157802270,T,A,1
5,rs7715571,32690010,T,G,1
5,rs7715258,87259822,T,C,1
5,rs7729447,32689773,G,A,1
5,rs919734,148349273,G,C,1
5,rs7724820,157826253,G,A,1
5,rs7724836,157826281,G,A,1
5,rs994446,148348395,G,A,1
5,rs9313775,157856776,G,A,1
5,rs7737275,157816142,G,A,1
5,rs9687471,148390791,G,A,1
5,rs1317146,157927591,T,G,1
5,rs1422578,148485088,G,A,1
5,rs1614336,157551868,C,A,1
5,rs1744356,157551411,T,G,1
5,rs2098647,148466718,T,A,1
5,rs2400786,148494568,T,G,1
5,rs2419902,157943229,T,C,1
5,rs2563263,140137644,T,C,1
5,rs2964511,157942974,C,A,1
5,rs2963440,157942696,T,G,1
5,rs2946160,157891878,G,A,1
5,rs2963442,157940293,G,A,1
5,rs2964484,157897437,G,A,1
5,rs7736044,157875586,G,C,1
5,rs10044112,32867260,G,A,1
5,rs10519731,122941704,G,A,1
5,rs1173743,32775047,T,G,1
5,rs1173638,32847664,T,A,1
5,rs1147225,32788184,T,C,1
5,rs1147226,32852778,T,C,1
5,rs1147228,32853010,T,C,1
5,rs1147227,32852872,G,A,1
5,rs13362538,32792769,G,C,1
5,rs13187101,32804126,G,A,1
5,rs13356439,87248647,G,A,1
5,rs16902899,87246992,T,G,1
5,rs1818116,32841934,G,A,1
5,rs458158,122482181,C,A,1
5,rs467069,122477874,T,A,1
5,rs6872359,79564885,T,G,1
5,rs6894014,114393181,T,G,1
5,rs7443098,32857303,T,A,1
6,rs198851,26104632,T,G,1
6,rs129128,26125342,T,C,1
6,rs17269374,25775242,C,A,1
6,rs2328892,25769510,G,A,1
6,rs198833,26114508,G,A,1
6,rs198846,26107463,G,A,1
6,rs204883,32032743,G,A,1
6,rs2269426,32076499,G,A,1
6,rs1359231,25809798,T,G,1
6,rs17080089,150997269,T,G,1
6,rs17492659,25691362,T,C,1
6,rs17080102,151004770,G,C,1
6,rs17080087,150997035,T,C,1
6,rs1799945,26091179,G,C,1
6,rs17268697,25758448,T,G,1
6,rs2186087,25764842,C,G,1
6,rs17320558,25727527,T,A,1
6,rs17271121,25863650,T,C,1
6,rs6910741,25895575,T,C,1
6,rs7753826,26042239,T,A,1
6,rs2859090,32700833,G,A,1
6,rs9276601,32734304,G,A,1
6,rs2859076,32702586,T,A,1
6,rs4236036,25712985,G,A,1
6,rs9276456,32715943,G,A,1
6,rs9275970,32693615,T,C,1
6,rs9322274,151017921,G,C,1
6,rs9276425,32711050,T,C,1
6,rs9276435,32713867,T,C,1
6,rs9275686,32687570,G,A,1
6,rs9275690,32687720,G,A,1
6,rs9276348,32706209,G,A,1
6,rs3887266,25843746,T,C,1
6,rs4395714,25708714,T,G,1
6,rs4403295,32710010,T,G,1
6,rs5021448,32707706,T,C,1
6,rs9275652,32685822,G,C,1
6,rs9276172,32698947,G,C,1
6,rs9276357,32706559,T,G,1
6,rs9276401,32709204,G,C,1
6,rs7758736,32758394,G,A,1
6,rs9275741,32688872,G,A,1
6,rs9275936,32692933,G,A,1
6,rs9276313,32704706,G,A,1
6,rs9275659,32686103,C,A,1
6,rs9276351,32706416,C,A,1
6,rs9276550,32722243,T,G,1
6,rs9322273,151017796,T,C,1
6,rs9467445,25234884,G,A,1
6,rs11752994,25268520,T,C,1
6,rs12055879,24274117,C,A,1
6,rs12191394,82122462,T,G,1
6,rs12176531,33958428,G,A,1
6,rs12215823,25726074,G,C,1
6,rs12661140,150992594,G,C,1
6,rs1436310,25969958,G,C,1
6,rs1436309,25970109,T,A,1
6,rs17080057,150979813,G,A,1
6,rs17080062,150982978,G,A,1
6,rs17421624,32066177,T,C,1
6,rs2071293,32062687,G,A,1
6,rs2205936,25685492,G,C,1
6,rs2294346,25689487,G,C,1
6,rs2269706,30652872,G,A,1
6,rs2451374,33959996,G,A,1
6,rs2495988,33957134,G,A,1
6,rs2596460,31417510,G,A,1
6,rs2858330,32658715,T,C,1
6,rs3817792,166876628,T,C,1
6,rs6456693,25710087,G,C,1
6,rs6596819,1418887,G,A,1
6,rs6912391,25710763,G,C,1
6,rs6912283,43364494,G,A,1
6,rs6919440,43352898,G,A,1
6,rs6928482,32626249,T,C,1
6,rs6937443,1445115,T,C,1
6,rs7745040,32664332,T,C,1
6,rs781980,71375494,T,C,1
6,rs9275141,32651117,T,G,1
6,rs870601,24261060,T,C,1
6,rs9275698,32687973,G,A,1
6,rs9341885,82112088,T,G,1
6,rs9328053,1444295,T,C,1
6,rs9344169,82094308,T,C,1
6,rs9359489,82120647,T,C,1
6,rs9472040,43348512,G,A,1
7,rs17428471,27337867,T,G,1
7,rs17432462,18548613,T,C,1
7,rs17438166,27341976,T,C,1
7,rs17432448,18548419,G,A,1
7,rs17438292,27347127,G,A,1
7,rs17502580,27350607,G,A,1
7,rs7800053,27316640,G,A,1
7,rs1548594,2513281,G,C,1
7,rs13231835,18565058,T,C,1
7,rs11543651,18590659,T,C,1
7,rs2906154,2521374,G,A,1
7,rs2906155,2521090,G,A,1
7,rs2969070,2512545,G,A,1
7,rs12532607,68234074,T,A,1
7,rs12535894,27329173,G,C,1
7,rs12673477,80430747,T,G,1
7,rs12666387,80441477,G,A,1
7,rs12670551,80453744,G,A,1
7,rs1544005,80424091,T,C,1
7,rs196586,36320821,G,A,1
7,rs1859667,27322610,T,C,1
7,rs3778677,80411104,T,C,1
7,rs40872,108151017,G,A,1
7,rs6467405,80436345,T,G,1
7,rs6961048,27328187,G,C,1
7,rs700316,147371810,G,A,1
8,rs10086541,96033950,T,C,1
8,rs10098453,96029756,G,A,1
8,rs10096455,96041250,G,A,1
8,rs10099941,95987008,T,C,1
8,rs10108511,11435516,T,C,1
8,rs10109026,9411986,T,C,1
8,rs1031388,96049684,T,C,1
8,rs10866831,23468924,T,A,1
8,rs10955369,105949909,C,A,1
8,rs10955368,105949889,G,A,1
8,rs11249933,9500948,T,G,1
8,rs11779506,96074902,T,C,1
8,rs11781040,96041746,T,C,1
8,rs11776189,96036741,T,G,1
8,rs11986122,10009949,G,C,1
8,rs11778739,10147305,G,A,1
8,rs11780931,96043829,G,A,1
8,rs11996455,95853708,G,A,1
8,rs12544371,9542071,T,G,1
8,rs12548874,95935164,C,A,1
8,rs12543959,9539000,G,A,1
8,rs12677507,9481687,G,C,1
8,rs13255935,95965685,C,A,1
8,rs13254175,9978772,T,C,1
8,rs13264646,23449405,T,C,1
8,rs13270267,11444837,T,C,1
8,rs13282106,9981900,T,G,1
8,rs13264869,23449184,G,A,1
8,rs1394,9511654,G,A,1
8,rs1355600,23450167,T,C,1
8,rs1484640,9983243,T,G,1
8,rs1521769,105944765,G,A,1
8,rs1521770,105946701,G,A,1
8,rs16893776,95973604,T,C,1
8,rs16917224,96030110,T,C,1
8,rs17151588,10149212,C,A,1
8,rs17677264,9412050,G,C,1
8,rs17796285,11124455,G,C,1
8,rs2062331,9979992,G,A,1
8,rs2290866,105907833,T,C,1
8,rs2409784,11396856,C,A,1
8,rs2678829,96028180,T,C,1
8,rs2898290,11433909,T,C,1
8,rs3942244,23455534,G,A,1
8,rs4323442,96022986,T,C,1
8,rs4503102,10155663,C,A,1
8,rs4403412,10153281,T,C,1
8,rs4735340,95976251,T,A,1
8,rs4735335,95973327,G,C,1
8,rs4840426,9408978,T,G,1
8,rs4840474,10150141,G,C,1
8,rs4872162,23448776,T,G,1
8,rs4735337,95973465,T,C,1
8,rs4735339,95974373,T,C,1
8,rs4841311,10149821,G,A,1
8,rs4871884,23439769,G,A,1
8,rs6471505,96028625,G,A,1
8,rs6601427,10156025,T,C,1
8,rs6471503,95990283,G,A,1
8,rs6471504,95991560,G,A,1
8,rs6557704,23470785,G,A,1
8,rs6982148,9581070,G,C,1
8,rs6651271,96047621,G,C,1
8,rs6601338,9438928,T,C,1
8,rs6982393,95980708,T,C,1
8,rs6983332,9977918,T,C,1
8,rs6990418,9422006,G,C,1
8,rs6991116,74431025,T,G,1
8,rs6994574,9578255,G,A,1
8,rs7001308,23448245,G,A,1
8,rs7002940,96027392,G,A,1
8,rs7004254,10148447,G,A,1
8,rs764738,10144137,G,A,1
8,rs7459728,9571445,T,C,1
8,rs7461939,9571621,G,A,1
8,rs7817344,23469922,T,A,1
8,rs7818607,23440655,C,A,1
8,rs7812312,96020400,T,C,1
8,rs7814235,23442862,T,C,1
8,rs7813472,23469614,G,A,1
8,rs7829671,142018135,G,A,1
8,rs7845219,95937502,T,C,1
8,rs9297951,96041437,G,A,1
8,rs896854,95960511,T,C,1
8,rs896846,95972453,G,A,1
8,rs896847,95972551,G,A,1
8,rs992530,23465916,G,A,1
8,rs10087493,8373557,T,C,1
8,rs10102170,9611470,T,C,1
8,rs10107396,9673152,T,C,1
8,rs10113155,9655358,T,C,1
8,rs10104807,9669775,G,A,1
8,rs10107992,9653287,G,A,1
8,rs10503380,9410495,T,C,1
8,rs10503387,9150525,T,C,1
8,rs11250151,11446680,T,C,1
8,rs11250149,11439961,G,C,1
8,rs11778830,11446868,T,C,1
8,rs11776236,9545167,T,C,1
8,rs11991621,9406582,T,C,1
8,rs12541709,9608591,G,C,1
8,rs12677146,11450737,G,C,1
8,rs12679960,11430990,T,C,1
8,rs12679180,9543080,G,A,1
8,rs13250951,9541455,T,C,1
8,rs13262031,9389241,T,C,1
8,rs13271489,9803712,T,C,1
8,rs13274269,11449325,T,G,1
8,rs13260526,9543632,G,A,1
8,rs1478892,11448529,T,G,1
8,rs17734690,9713196,T,C,1
8,rs17689007,9974824,G,A,1
8,rs2061830,11397457,G,C,1
8,rs2055729,9792662,G,A,1
8,rs2126266,9107745,T,C,1
8,rs2409800,11439013,G,C,1
8,rs2244648,11450422,G,A,1
8,rs2921060,8317817,C,A,1
8,rs2976868,8311321,C,A,1
8,rs3088186,10226355,T,C,1
8,rs3752670,221922,T,C,1
8,rs4383974,9619348,G,C,1
8,rs4075359,9487813,T,C,1
8,rs4841029,8605632,G,A,1
8,rs4841218,9653902,T,C,1
8,rs4841317,10186135,T,C,1
8,rs4841254,9791143,G,A,1
8,rs6601724,8544872,G,A,1
8,rs6995407,8384647,G,C,1
8,rs6989782,9610538,T,C,1
8,rs6980595,9651162,G,A,1
8,rs7006003,9613512,G,C,1
8,rs7003791,9545368,T,C,1
8,rs6990300,9547861,G,A,1
8,rs7009721,9610671,G,A,1
8,rs7010753,8373956,G,A,1
8,rs719409,9151226,T,C,1
8,rs7014007,9611001,G,A,1
8,rs7818814,10726284,C,A,1
8,rs7826238,8387095,T,G,1
8,rs7829975,8548117,T,A,1
8,rs7828039,9654757,G,C,1
8,rs7832708,10190040,T,C,1
8,rs7823056,8382705,G,A,1
8,rs7824876,6056204,G,A,1
8,rs968179,11438064,T,G,1
8,rs9650639,9542601,T,C,1
9,rs1000440,101258881,T,C,1
9,rs10959502,11072700,T,C,1
9,rs10986788,128303942,G,C,1
9,rs10983855,100580637,G,A,1
9,rs12006112,21042299,T,C,1
9,rs12348541,23875325,C,A,1
9,rs12346375,23986234,T,C,1
9,rs12378276,9260196,T,C,1
9,rs13284572,128258270,T,C,1
9,rs13287071,128268224,T,C,1
9,rs13302549,128284775,T,C,1
9,rs13301073,128284378,G,A,1
9,rs477813,128416874,T,C,1
9,rs476819,128362737,G,A,1
9,rs4838279,128411726,G,A,1
9,rs536861,128313444,C,A,1
9,rs497531,128314664,T,C,1
9,rs517064,128348486,T,C,1
9,rs513568,128411854,G,A,1
9,rs626667,128428404,G,A,1
9,rs829314,128415506,T,A,1
10,rs17604757,18442940,G,A,1
10,rs2807741,28783350,T,C,1
10,rs7083993,24484239,C,A,1
10,rs1012227,18681166,G,C,1
10,rs10509158,63507669,T,C,1
10,rs10509156,63450969,T,C,1
10,rs10786736,104849116,G,C,1
10,rs10786774,105644323,G,C,1
10,rs10786775,105657316,G,C,1
10,rs10761592,63507915,G,A,1
10,rs10883832,104871279,T,G,1
10,rs10821906,63439150,T,C,1
10,rs10821910,63461129,T,C,1
10,rs10821913,63476110,T,C,1
10,rs10821909,63457309,G,A,1
10,rs10828749,18756881,G,A,1
10,rs10883815,104739179,T,C,1
10,rs10883766,104464763,G,A,1
10,rs11014166,18708798,T,A,1
10,rs10994884,63464225,C,A,1
10,rs10994890,63471168,G,A,1
10,rs10994885,63469137,T,C,1
10,rs10994886,63469264,T,C,1
10,rs11014049,18686452,G,A,1
10,rs11014171,18711195,T,C,1
10,rs11191416,104604916,T,G,1
10,rs11191531,104806898,G,C,1
10,rs11191515,104776527,G,A,1
10,rs11191543,104824387,G,A,1
10,rs11191558,104864678,G,A,1
10,rs11191582,104913653,G,A,1
10,rs11191375,104464657,T,C,1
10,rs11191479,104723620,T,C,1
10,rs11191499,104764271,T,C,1
10,rs11191548,104846178,T,C,1
10,rs11191560,104869038,T,C,1
10,rs11191580,104906211,T,C,1
10,rs11191593,104939215,T,C,1
10,rs12243859,18740632,T,C,1
10,rs12219304,104931584,G,C,1
10,rs12244842,63439186,T,G,1
10,rs12246717,63459183,T,G,1
10,rs12217501,104851889,T,C,1
10,rs12219027,104811203,T,C,1
10,rs12220375,104901491,T,C,1
10,rs12258967,18727959,G,C,1
10,rs12415043,104467609,G,C,1
10,rs12411886,104685299,C,A,1
10,rs12355091,18693013,G,A,1
10,rs12412038,104856162,G,A,1
10,rs12413409,104719096,G,A,1
10,rs1265165,105671527,T,C,1
10,rs1325990,18707352,G,A,1
10,rs1530440,63524591,T,C,1
10,rs16916567,63508520,T,C,1
10,rs16916504,63452956,G,A,1
10,rs16916568,63509111,G,A,1
10,rs17196251,63476596,C,A,1
10,rs1813353,18707448,T,C,1
10,rs1902426,63425243,T,G,1
10,rs2120702,63522658,T,A,1
10,rs1992625,63520698,T,C,1
10,rs2166122,63523074,T,C,1
10,rs2248518,63511789,G,A,1
10,rs2488000,105671109,T,G,1
10,rs2393833,63445316,T,C,1
10,rs2588918,63525024,T,A,1
10,rs2487999,105659826,T,C,1
10,rs2588992,63514671,T,C,1
10,rs2675612,63523266,T,C,1
10,rs284851,104578531,G,C,1
10,rs284844,104554529,G,A,1
10,rs284861,104572276,G,A,1
10,rs2782982,115788495,G,A,1
10,rs2756116,105671804,T,C,1
10,rs2782980,115781527,T,C,1
10,rs3740393,104636655,G,C,1
10,rs3824755,104595849,G,C,1
10,rs3750727,63444405,G,A,1
10,rs4590817,63467553,G,C,1
10,rs4548524,18716867,G,A,1
10,rs4409766,104616663,T,C,1
10,rs486955,104546284,T,C,1
10,rs4747345,18712352,T,C,1
10,rs4919669,104471975,T,A,1
10,rs6479773,63506756,C,A,1
10,rs6482385,18688883,T,C,1
10,rs7074010,18713570,T,A,1
10,rs7076398,63533663,T,A,1
10,rs7096387,63504142,T,A,1
10,rs7069923,18730368,T,C,1
10,rs7076938,115789375,T,C,1
10,rs7074171,18676897,G,A,1
10,rs7070797,63551773,G,A,1
10,rs732998,104897901,T,C,1
10,rs7098825,104628234,T,C,1
10,rs751891,63541723,T,G,1
10,rs7902587,105694301,T,C,1
10,rs7906239,63507986,T,G,1
10,rs7904034,63495626,T,C,1
10,rs7908558,63466555,T,C,1
10,rs7916973,63468177,T,C,1
10,rs855715,115823524,T,G,1
10,rs7922049,63462365,G,A,1
10,rs9633712,104873761,G,C,1
10,rs920644,62441556,T,C,1
10,rs973237,63525301,G,A,1
10,rs12247028,75410052,G,A,1
10,rs9664184,75409967,T,C,1
11,rs10832695,16916347,G,A,1
11,rs12800049,16248894,T,C,1
11,rs16932777,16252183,G,C,1
11,rs370161,16894877,C,A,1
11,rs378755,16912251,C,A,1
11,rs402973,16892477,G,C,1
11,rs360157,9754221,T,C,1
11,rs378825,9766932,G,A,1
11,rs415895,9769562,G,C,1
11,rs7112413,10265500,T,C,1
11,rs7938055,16253187,T,C,1
11,rs7947059,10268814,T,C,1
11,rs1032777,100512452,T,C,1
11,rs10734239,16287436,C,A,1
11,rs10766315,16288534,G,A,1
11,rs10832571,16261224,T,C,1
11,rs11023910,16334778,T,A,1
11,rs11023912,16338128,T,C,1
11,rs10895000,100532945,G,A,1
11,rs10897165,61277885,G,A,1
11,rs11023890,16275757,T,G,1
11,rs11023907,16324449,T,G,1
11,rs11023893,16278301,G,A,1
11,rs11023909,16328935,G,A,1
11,rs1155685,16315249,C,A,1
11,rs11822790,16263355,G,A,1
11,rs12418412,34072011,T,C,1
11,rs12798854,16357850,G,C,1
11,rs1347677,16296412,C,A,1
11,rs1289458,134642852,G,A,1
11,rs12801636,65391317,G,A,1
11,rs1532710,100536632,T,G,1
11,rs1595373,16266740,G,A,1
11,rs16932862,16298444,T,C,1
11,rs17095329,100540360,G,A,1
11,rs1829417,16263412,G,A,1
11,rs2014408,16365282,T,C,1
11,rs2218001,16342215,C,A,1
11,rs2164785,16285887,T,C,1
11,rs381815,16902268,T,C,1
11,rs4628642,16272146,T,C,1
11,rs4753981,100591065,G,C,1
11,rs486023,100643137,G,A,1
11,rs523368,78532070,G,A,1
11,rs557675,65566719,T,G,1
11,rs536769,78534981,T,C,1
11,rs547961,78536172,G,A,1
11,rs607562,100624538,T,G,1
11,rs633185,100593538,G,C,1
11,rs604723,100610546,T,C,1
11,rs653320,100570960,T,C,1
11,rs667575,100638255,G,A,1
11,rs670401,100572410,G,A,1
11,rs6592005,81575873,G,A,1
11,rs7101502,16348312,G,A,1
11,rs7110667,34028081,A,T,1
11,rs7125196,61272565,T,C,1
11,rs7925202,34069976,T,C,1
11,rs7926335,16917869,T,C,1
11,rs751984,61278246,T,C,1
11,rs7952254,16282666,T,C,1
11,rs7929855,134624738,T,C,1
11,rs7942556,100534632,T,C,1
11,rs893311,16318518,T,G,1
11,rs948050,134627975,G,A,1
11,rs10895001,100533021,G,A,1
11,rs4980379,1888614,T,C,1
12,rs1351026,27715669,T,C,1
12,rs3815129,48204456,T,C,1
12,rs1005902,112667675,T,G,1
12,rs1015292,19984475,T,C,1
12,rs1015291,19984779,G,A,1
12,rs1029388,111926901,T,C,1
12,rs10505861,20337604,G,C,1
12,rs10506975,89986523,T,C,1
12,rs10744775,112096215,T,C,1
12,rs10744777,112233018,T,C,1
12,rs10744835,115353849,G,A,1
12,rs10850024,112718510,C,A,1
12,rs10774619,111773925,G,A,1
12,rs10774623,111833589,G,A,1
12,rs10774625,111910219,G,A,1
12,rs10774631,112023001,G,A,1
12,rs10841376,19979881,G,C,1
12,rs10849946,111830485,G,C,1
12,rs10850031,112771063,T,G,1
12,rs10850407,115378037,T,G,1
12,rs10849931,111753808,T,C,1
12,rs10849944,111825389,T,C,1
12,rs10849947,111864684,T,C,1
12,rs10849974,112264158,T,C,1
12,rs10841372,19974796,G,A,1
12,rs10849949,111893537,G,A,1
12,rs10850003,112571169,G,A,1
12,rs11066098,112388128,T,A,1
12,rs11066284,112842275,T,A,1
12,rs11066028,112245170,C,A,1
12,rs11066188,112610714,G,A,1
12,rs11066054,112306165,T,G,1
12,rs11066099,112392036,G,C,1
12,rs11105358,90042142,G,C,1
12,rs11105364,90069276,T,G,1
12,rs11105368,90074441,G,C,1
12,rs11065884,111818701,G,A,1
12,rs11065987,112072424,G,A,1
12,rs11066301,112871372,G,A,1
12,rs11066320,112906415,G,A,1
12,rs11066322,112922529,G,A,1
12,rs11105328,89942390,G,A,1
12,rs11105354,90026523,G,A,1
12,rs11105381,90106835,G,A,1
12,rs11065898,111862575,T,C,1
12,rs11105378,90090741,T,C,1
12,rs11105379,90095173,T,C,1
12,rs11105382,90107272,T,C,1
12,rs11105383,90107306,T,C,1
12,rs12230074,90090867,G,A,1
12,rs12369009,112019799,T,G,1
12,rs12423126,112429469,G,C,1
12,rs12579302,90050503,G,A,1
12,rs12580178,113024793,G,A,1
12,rs12580300,111849271,G,A,1
12,rs12817277,90391777,T,A,1
12,rs1362006,111742222,T,C,1
12,rs1388689,19972220,T,C,1
12,rs1468253,112776042,T,C,1
12,rs17374842,20337687,G,A,1
12,rs17374759,20337464,G,A,1
12,rs17249754,90060586,G,A,1
12,rs17630235,112591686,G,A,1
12,rs17696736,112486818,G,A,1
12,rs1863709,115404618,G,A,1
12,rs1981517,112323582,G,A,1
12,rs1991391,115352666,G,A,1
12,rs2073950,111894072,T,C,1
12,rs2195097,115373781,G,A,1
12,rs2238154,111882485,C,A,1
12,rs232923,113104241,G,C,1
12,rs2238152,112214459,T,G,1
12,rs2239195,111881309,T,G,1
12,rs2301622,111895203,G,C,1
12,rs2339941,112490764,T,G,1
12,rs2238151,112211833,T,C,1
12,rs2283358,111865565,T,C,1
12,rs2285810,112699540,T,C,1
12,rs2301621,111895272,T,C,1
12,rs2384550,115352731,G,A,1
12,rs2339816,111912188,T,C,1
12,rs2339973,112520883,T,C,1
12,rs2681472,90008959,G,A,1
12,rs2681492,90013089,T,C,1
12,rs3177647,112277576,T,C,1
12,rs3184504,111884608,T,C,1
12,rs3752630,112375990,C,A,1
12,rs3213628,112280773,T,G,1
12,rs3741998,112339843,G,A,1
12,rs3742004,111798553,G,A,1
12,rs3809276,112073916,G,A,1
12,rs3741983,112939853,T,C,1
12,rs3742000,112338539,T,C,1
12,rs3752632,112376297,T,C,1
12,rs3803167,111785586,T,C,1
12,rs3847953,111765464,T,C,1
12,rs4551826,90274849,C,A,1
12,rs4335623,20371195,T,C,1
12,rs4766578,111904371,T,A,1
12,rs4766573,111830809,C,A,1
12,rs4762815,19971510,G,C,1
12,rs4767264,112425746,T,C,1
12,rs4767293,112463296,G,A,1
12,rs4767284,112440731,G,A,1
12,rs4767068,112281013,G,A,1
12,rs616513,112003383,T,G,1
12,rs616668,111974280,T,G,1
12,rs632650,112131698,T,G,1
12,rs634389,112164715,G,C,1
12,rs607316,111969448,T,C,1
12,rs608848,112146964,T,C,1
12,rs609230,112146911,T,C,1
12,rs616559,112003350,T,C,1
12,rs628825,111951850,T,C,1
12,rs630512,111952167,T,C,1
12,rs593226,111993886,G,A,1
12,rs601663,112123284,G,A,1
12,rs625093,111988432,G,A,1
12,rs638791,111989236,G,A,1
12,rs640783,112168050,G,A,1
12,rs4842666,89941549,T,C,1
12,rs4767364,112521448,G,A,1
12,rs4767939,112206895,G,A,1
12,rs657197,111965658,C,A,1
12,rs6489817,112291242,C,A,1
12,rs695871,112037000,G,C,1
12,rs648997,111976776,T,C,1
12,rs653178,112007756,T,C,1
12,rs688812,111962581,T,C,1
12,rs642898,112141233,G,A,1
12,rs6487067,20378131,T,C,1
12,rs6490162,111941120,T,C,1
12,rs6489818,112310580,G,A,1
12,rs6489992,115352769,G,A,1
12,rs6490055,111768973,G,A,1
12,rs7136874,112113658,T,C,1
12,rs7138350,19967091,T,C,1
12,rs7297760,112313688,C,A,1
12,rs7296651,112246954,G,C,1
12,rs7299436,90113070,T,G,1
12,rs7295722,112394260,T,C,1
12,rs7296313,111878526,T,C,1
12,rs7297186,111778178,T,C,1
12,rs7300860,111754597,T,C,1
12,rs7302763,111827569,T,C,1
12,rs7304572,112525073,T,C,1
12,rs7306529,111780644,T,C,1
12,rs737280,112194976,T,C,1
12,rs739496,111887659,G,A,1
12,rs741334,112985328,G,A,1
12,rs7398833,111786892,T,C,1
12,rs7314282,112502438,G,A,1
12,rs7972112,112505182,T,A,1
12,rs7974383,112794714,T,G,1
12,rs7959696,112813415,T,C,1
12,rs7953150,112941571,G,A,1
12,rs7962138,112180177,G,A,1
12,rs848132,111989979,C,A,1
12,rs886205,112204427,G,A,1
12,rs7977534,112717920,T,C,1
12,rs7978737,112196611,T,C,1
12,rs7977406,115359424,G,A,1
12,rs7977828,112094766,G,A,1
12,rs9788231,112385665,C,A,1
12,rs9630276,112404838,G,A,1
12,rs9971746,112337362,T,C,1
12,rs10744843,115412743,T,C,1
12,rs10774783,115383818,G,A,1
12,rs10850411,115387796,T,C,1
12,rs10850417,115398464,T,C,1
12,rs11067350,115406218,G,C,1
12,rs1317715,115418799,T,C,1
12,rs1863716,115420240,C,A,1
12,rs1896335,115417183,G,C,1
12,rs1896334,115415141,G,A,1
12,rs1896313,115395280,T,C,1
12,rs1896341,115418010,T,C,1
12,rs1896342,115418069,T,C,1
12,rs1896343,115421755,T,C,1
12,rs2098990,115419855,C,A,1
12,rs2077395,115396948,G,A,1
12,rs2098989,115419818,G,A,1
12,rs232925,113109378,T,C,1
12,rs2384546,115341450,G,C,1
12,rs2879559,111750629,G,A,1
12,rs4767311,115680290,G,A,1
12,rs6490042,111719060,T,A,1
12,rs7295332,115412821,T,C,1
12,rs7957733,115419713,G,C,1
12,rs7970903,115423001,C,A,1
12,rs7957333,115419359,G,A,1
12,rs7970284,115415930,G,A,1
12,rs7974645,115406487,G,A,1
13,rs12876275,32187858,T,G,1
13,rs1869800,32180136,T,C,1
13,rs2104224,32216399,T,C,1
13,rs277143,32132567,G,A,1
13,rs389998,33533235,T,A,1
13,rs9603420,32216907,T,G,1
13,rs9603424,32219248,T,C,1
13,rs9603423,32218396,G,A,1
13,rs9741066,31408637,G,A,1
13,rs12868259,113644497,G,A,1
13,rs9533051,42826640,C,A,1
13,rs7988967,113651160,G,A,1
14,rs10147404,101239100,C,A,1
14,rs1190818,101230502,T,G,1
14,rs1190820,101233246,G,A,1
14,rs8012350,101240856,G,A,1
14,rs10139082,75223338,C,A,1
14,rs10483864,75326415,C,A,1
14,rs10483862,75314847,G,C,1
14,rs11159103,75271354,T,C,1
14,rs1190815,101228352,G,A,1
14,rs11844957,75224651,T,C,1
14,rs11851395,62798485,T,C,1
14,rs17183215,75306427,G,A,1
14,rs1990794,75259842,T,C,1
14,rs2286910,75323343,G,A,1
14,rs2287407,75267941,G,A,1
14,rs3783763,61968168,G,A,1
14,rs6573507,63786614,T,C,1
14,rs6573508,63786740,T,C,1
14,rs7159288,61980098,G,A,1
14,rs8016513,75238261,T,C,1
14,rs11622951,39722682,G,A,1
14,rs721050,22364394,T,C,1
14,rs7159964,22373341,G,A,1
15,rs10459702,90638393,G,A,1
15,rs11853055,90637450,T,A,1
15,rs4932178,91411656,T,C,1
15,rs11072514,75221865,T,A,1
15,rs11072511,75159433,G,A,1
15,rs1127796,75193004,T,C,1
15,rs1133323,75212225,T,C,1
15,rs1130741,75189930,G,A,1
15,rs1133322,75212357,G,A,1
15,rs11072508,75062397,T,C,1
15,rs11072512,75204026,T,C,1
15,rs11072513,75220968,T,C,1
15,rs11072518,75234610,T,C,1
15,rs11630918,75155896,T,C,1
15,rs11854147,75052771,T,C,1
15,rs11856413,75199892,G,A,1
15,rs12487,75136694,T,C,1
15,rs12050759,75265191,G,A,1
15,rs12442901,75083912,G,A,1
15,rs1378940,75083494,C,A,1
15,rs1378941,75080150,C,A,1
15,rs1378942,75077367,C,A,1
15,rs1378938,75096443,T,C,1
15,rs1543927,75063573,T,C,1
15,rs2071410,91420940,G,C,1
15,rs2168519,75080872,T,C,1
15,rs2521501,91437388,T,A,1
15,rs2290572,75130573,G,A,1
15,rs2290573,75129594,G,A,1
15,rs2301249,75092384,T,C,1
15,rs2472304,75044238,G,A,1
15,rs2415251,75242155,T,C,1
15,rs2470890,75047426,T,C,1
15,rs2472297,75027880,T,C,1
15,rs3784789,75082552,G,C,1
15,rs3765066,75140854,G,A,1
15,rs3812945,75289722,T,C,1
15,rs4886606,75057747,T,A,1
15,rs4886406,75057203,T,G,1
15,rs4886410,75065644,G,C,1
15,rs4886629,75072558,G,C,1
15,rs4886633,75178207,G,A,1
15,rs4886636,75196176,G,A,1
15,rs6227,91425232,T,C,1
15,rs6495122,75125645,C,A,1
15,rs7085,75095483,T,C,1
15,rs7176022,75107880,C,A,1
15,rs7162232,75115895,G,A,1
15,rs762551,75041917,C,A,1
15,rs7497393,75175457,G,C,1
15,rs7495739,75185670,G,A,1
15,rs936226,75069282,T,C,1
15,rs936230,75145098,T,C,1
15,rs8033381,75080685,G,A,1
15,rs8042694,75225415,G,A,1
15,rs7163636,75346760,T,C,1
15,rs7497629,69818849,G,A,1
15,rs8040061,75393720,C,A,1
15,rs8039755,75337426,T,C,1
16,rs12232441,5233141,T,C,1
16,rs11549845,56940874,T,C,1
16,rs11648751,56937262,T,C,1
16,rs11645870,56943541,G,A,1
16,rs11644728,56939546,T,G,1
16,rs11640308,56939969,G,A,1
16,rs17145664,8334711,T,C,1
16,rs12923922,56931321,G,A,1
16,rs2289114,56938522,T,C,1
16,rs7188963,56931565,T,C,1
16,rs8044243,56939794,C,A,1
17,rs2233359,47286962,T,C,1
17,rs2671659,47474529,G,A,1
17,rs7222591,47507019,T,G,1
17,rs1010322,47338083,G,C,1
17,rs1053733,43183028,G,A,1
17,rs1053739,43183108,G,A,1
17,rs11079868,47357969,G,A,1
17,rs12946454,43208121,T,A,1
17,rs12937404,47444421,T,G,1
17,rs12603813,43196584,T,C,1
17,rs12937634,47444442,T,C,1
17,rs12940887,47402807,T,C,1
17,rs12943264,47418698,T,C,1
17,rs16948048,47440466,G,A,1
17,rs17608766,45013271,T,C,1
17,rs1867624,62387091,T,C,1
17,rs17637472,47461433,G,A,1
17,rs2157839,43151400,T,C,1
17,rs2239919,43169392,G,A,1
17,rs2239916,43165185,T,C,1
17,rs2239923,43176804,T,C,1
17,rs2240736,59485393,T,C,1
17,rs2301597,43173273,T,C,1
17,rs2584663,47468147,G,A,1
17,rs3179840,47367536,T,G,1
17,rs2906093,47397579,G,A,1
17,rs2960169,47378369,G,A,1
17,rs2960164,47397323,T,C,1
17,rs3744760,43195981,T,C,1
17,rs4413004,43106844,T,C,1
17,rs4793172,43131480,T,A,1
17,rs4792966,43121490,C,A,1
17,rs4794034,47358560,G,C,1
17,rs4794031,47342153,T,C,1
17,rs4794036,47369099,G,A,1
17,rs708381,43102588,T,C,1
17,rs6503422,43163851,T,C,1
17,rs7225787,47428573,C,A,1
17,rs7209400,47450057,T,C,1
17,rs7213090,47432577,T,C,1
17,rs7213273,43155914,G,A,1
17,rs8068318,59483766,T,C,1
17,rs8075803,47346529,T,C,1
17,rs887258,59479580,G,C,1
18,rs11082403,42317790,T,G,1
18,rs12454712,60845884,T,C,1
18,rs17782904,42313710,G,A,1
19,rs11666569,17214073,T,C,1
19,rs12460899,29899675,G,A,1
19,rs13346655,17176757,G,C,1
19,rs17717398,29902465,G,A,1
19,rs3745348,17212410,T,C,1
19,rs8106184,17159779,C,A,1
19,rs7252102,17197012,G,A,1
20,rs2103974,5310998,T,G,1
20,rs2104574,10968891,T,C,1
20,rs2327327,10973258,T,G,1
20,rs6077998,10975210,T,A,1
20,rs6074214,10947202,G,A,1
20,rs6077996,10972839,G,A,1
20,rs6108789,10974785,G,C,1
20,rs6139698,5330085,T,C,1
20,rs7266763,4811846,T,C,1
20,rs7267407,10972082,G,A,1
20,rs9974014,10973672,T,C,1
20,rs11905512,57753996,G,C,1
20,rs11906755,57733334,G,A,1
20,rs1327235,10969030,G,A,1
20,rs16982520,57758720,G,A,1
20,rs6026710,57705514,T,C,1
20,rs6026727,57722735,T,A,1
20,rs6026732,57729359,C,A,1
20,rs6026728,57723130,T,C,1
20,rs6026733,57729434,G,A,1
20,rs6026742,57740605,G,A,1
20,rs6026747,57745624,G,A,1
20,rs6015450,57751117,G,A,1
20,rs6026748,57745815,G,A,1
20,rs6074226,10984609,G,C,1
20,rs6078000,10977631,G,A,1
20,rs7267618,57706524,T,G,1
20,rs8116295,57713314,G,A,1
21,rs2298561,45085234,G,A,1
21,rs2838348,45107285,G,C,1
21,rs2838320,44995037,G,A,1
21,rs2838351,45110784,G,A,1
21,rs2838353,45119228,T,C,1
21,rs3819161,45092653,G,A,1
21,rs4818860,45119617,T,C,1
21,rs4818858,45083097,G,A,1
21,rs4818859,45117120,G,A,1
21,rs4818861,45123807,G,A,1
21,rs4819285,45118970,G,A,1
21,rs762400,45113629,G,C,1
21,rs7282405,45123611,G,C,1
21,rs9941787,45116042,G,A,1
21,rs17000933,26792834,G,A,1
21,rs4419306,26742352,G,A,1
22,rs3788444,32334295,G,C,1
