CHR,SNP,BP,A1,A2,weight
1,rs198375,11913757,T,C,1
1,rs198359,11904184,T,C,1
1,rs1801131,11854476,T,G,1
1,rs17376328,11876662,G,A,1
1,rs13306561,11865804,G,A,1
1,rs6668659,11922298,T,G,1
1,rs5064,11907603,G,A,1
1,rs14078,11903010,G,A,1
1,rs12567136,11883731,T,C,1
1,rs2050265,11879699,G,A,1
1,rs7537765,11887303,G,A,1
1,rs17037390,11860843,G,A,1
1,rs17037425,11870383,G,A,1
1,rs17367504,11862778,G,A,1
1,rs13306567,11860465,C,G,1
1,rs2786487,42368339,G,C,1
1,rs2180768,52717821,G,A,1
1,rs12562952,11927056,T,C,1
1,rs6668533,113064468,G,A,1
1,rs6682678,113206920,G,A,1
1,rs6537740,113080084,T,G,1
1,rs6681371,113101168,T,G,1
1,rs7527076,113150481,G,A,1
1,rs2932538,113216543,G,A,1
1,rs2932539,113215786,G,A,1
1,rs3790612,113084146,G,A,1
1,rs4839257,113219388,T,A,1
1,rs4838960,113163632,T,G,1
1,rs6537742,113085197,C,A,1
1,rs7415988,113159730,T,G,1
1,rs10745331,113186778,T,G,1
1,rs12750621,113206502,G,C,1
1,rs6537745,113154080,T,C,1
1,rs6537747,113179597,T,C,1
1,rs6690292,113188419,T,C,1
1,rs7516421,113089696,T,C,1
1,rs7551933,113086706,T,C,1
1,rs999923,113110548,T,C,1
1,rs12025785,113205367,T,C,1
1,rs12138335,113122760,T,C,1
1,rs12401734,113071834,T,C,1
1,rs12739994,113131159,T,C,1
1,rs12048528,113210534,C,A,1
1,rs12402929,113072293,G,C,1
1,rs12406906,113117900,T,G,1
1,rs12402469,113076625,G,A,1
1,rs10857967,113120593,G,A,1
1,rs17030613,113190807,C,A,1
1,rs11102513,113160170,T,C,1
1,rs11102514,113160419,T,C,1
2,rs7588141,58682094,G,A,1
2,rs6544601,43043308,T,G,1
2,rs893727,43056139,T,G,1
2,rs2374442,43002930,G,A,1
2,rs4332966,43083831,T,G,1
2,rs4953698,43183939,G,A,1
2,rs4953669,43069976,C,A,1
2,rs11124906,43197221,G,C,1
2,rs6743916,58704449,G,A,1
2,rs6746422,43182850,T,C,1
2,rs11891401,165086747,T,A,1
2,rs10432461,165064506,T,A,1
2,rs438885,165052291,T,A,1
2,rs2390002,165128044,G,C,1
2,rs1439208,165058097,T,G,1
2,rs1371192,165042646,G,C,1
2,rs448798,165052533,G,A,1
2,rs1371180,165128619,T,A,1
2,rs1439211,165094300,C,A,1
2,rs979223,165095021,C,A,1
2,rs12619842,164945044,G,C,1
2,rs13004226,165080678,G,C,1
2,rs13021222,165047905,G,C,1
2,rs13034053,165076399,T,A,1
2,rs1561469,165104198,C,A,1
2,rs1371177,165059824,G,A,1
2,rs1121308,165042064,T,C,1
2,rs1121309,165042442,G,A,1
2,rs1371181,165076728,T,C,1
2,rs1371183,165099333,T,C,1
2,rs10204405,165047746,G,A,1
2,rs6753229,165046486,G,C,1
2,rs6726740,165050128,T,G,1
2,rs4667739,165115638,C,A,1
2,rs11687999,165066358,T,C,1
2,rs7587391,165058449,T,C,1
2,rs1898839,165062614,G,A,1
2,rs1898841,165070207,T,C,1
2,rs4441488,165065627,T,C,1
2,rs12463826,165096178,G,A,1
2,rs12995799,165090390,T,C,1
2,rs13030081,165087840,T,C,1
2,rs13027527,165078704,G,A,1
2,rs13035934,165073072,G,A,1
2,rs16849404,165130868,G,A,1
2,rs8243,37477794,C,A,1
2,rs2540977,37462228,T,A,1
2,rs2041840,37467264,T,C,1
2,rs10178975,37514564,T,C,1
2,rs10865186,43193347,T,C,1
3,rs440646,11291171,T,G,1
3,rs347606,11264306,T,C,1
3,rs2307088,14942024,T,C,1
3,rs11128722,14958126,G,A,1
3,rs11925504,14943965,G,A,1
3,rs2421647,169113110,C,A,1
3,rs1290790,169091569,T,A,1
3,rs4955658,169171347,T,G,1
3,rs7632977,169332833,T,G,1
3,rs9290369,169324783,G,C,1
3,rs419076,169100886,T,C,1
3,rs448378,169100899,G,A,1
3,rs988397,169098791,T,C,1
3,rs988398,169098861,T,C,1
3,rs1290784,169096900,T,C,1
3,rs1290786,169097381,T,C,1
3,rs1273886,169091253,G,A,1
3,rs6774008,169302430,G,A,1
3,rs7626980,169155318,G,A,1
3,rs10804833,169173670,G,A,1
3,rs13094827,169183469,G,A,1
3,rs12639451,75545172,T,C,1
3,rs12485973,987678,T,G,1
4,rs3733336,81207963,G,A,1
4,rs1487634,38390206,T,C,1
4,rs983014,38388073,T,A,1
4,rs6826295,38397877,T,A,1
4,rs7686601,81160632,G,C,1
4,rs11099098,81169912,T,G,1
4,rs16998073,81184341,T,A,1
4,rs1379707,81180379,T,C,1
4,rs1458038,81164723,T,C,1
4,rs3796606,81194090,G,A,1
4,rs4693737,86704095,C,A,1
4,rs12054583,81181388,G,A,1
4,rs17004846,81158221,G,A,1
4,rs2046637,38390752,T,C,1
4,rs2291433,38387075,T,G,1
4,rs10004996,38383633,T,C,1
4,rs12506270,38386524,T,C,1
4,rs12505335,38385931,T,A,1
4,rs12509057,38386658,G,C,1
4,rs13107325,103188709,T,C,1
4,rs13139571,156645513,C,A,1
5,rs1422278,122467417,T,G,1
5,rs10052206,122470488,C,A,1
5,rs11241673,122475348,T,G,1
5,rs10041191,122475830,T,C,1
5,rs1173743,32775047,T,G,1
5,rs13187101,32804126,G,A,1
5,rs1173771,32815028,G,A,1
5,rs1147225,32788184,T,C,1
5,rs13362538,32792769,G,C,1
5,rs2112468,122928549,G,A,1
5,rs458158,122482181,C,A,1
5,rs4546375,122912461,T,C,1
5,rs7700628,122914224,G,A,1
5,rs10059677,122903350,T,A,1
5,rs10061983,122897284,T,C,1
5,rs7702949,122895195,C,A,1
5,rs17150494,122918414,T,A,1
5,rs6890251,122486419,T,C,1
5,rs7728845,122905683,G,A,1
5,rs10519731,122941704,G,A,1
5,rs2419911,157898103,T,G,1
5,rs4466144,157864127,T,A,1
5,rs4704936,157816045,T,G,1
5,rs4704938,157834631,G,C,1
5,rs6863563,157807201,T,A,1
5,rs7736044,157875586,G,C,1
5,rs10037337,157862392,T,G,1
5,rs11135036,157901024,T,G,1
5,rs12187534,157829572,C,A,1
5,rs13153555,157833993,G,C,1
5,rs2419914,157844886,G,A,1
5,rs2419917,157861463,G,A,1
5,rs2419912,157844535,T,C,1
5,rs2946160,157891878,G,A,1
5,rs2964484,157897437,G,A,1
5,rs4273587,157853522,G,A,1
5,rs4473756,157863304,G,A,1
5,rs4551053,157838542,G,A,1
5,rs4704775,157824556,G,A,1
5,rs4704941,157862615,G,A,1
5,rs4704937,157834620,T,C,1
5,rs7700842,157824183,T,C,1
5,rs7708926,157837767,T,C,1
5,rs7710580,157855653,T,C,1
5,rs7724820,157826253,G,A,1
5,rs7724836,157826281,G,A,1
5,rs7737275,157816142,G,A,1
5,rs9313775,157856776,G,A,1
5,rs10076730,157816992,T,C,1
5,rs10052036,157847072,G,A,1
5,rs10214268,157807795,G,A,1
5,rs10476244,157829686,G,A,1
5,rs11135035,157900829,G,A,1
5,rs11960210,157817634,T,C,1
5,rs12188031,157812020,T,C,1
5,rs12187017,157849295,G,A,1
5,rs12716338,157832749,G,A,1
5,rs13172797,157833017,T,C,1
5,rs13190049,157904066,G,A,1
6,rs6912283,43364494,G,A,1
6,rs17080089,150997269,T,G,1
6,rs7758541,25240943,G,C,1
6,rs1266076,31640518,T,G,1
6,rs16896398,43262704,T,A,1
6,rs1563788,43308363,T,C,1
6,rs9472040,43348512,G,A,1
6,rs2242660,31597753,G,A,1
6,rs1077393,31610529,G,A,1
6,rs1046089,31602967,G,A,1
6,rs805303,31616366,G,A,1
6,rs9467445,25234884,G,A,1
6,rs2205936,25685492,G,C,1
6,rs2294346,25689487,G,C,1
6,rs13195478,117814437,G,A,1
6,rs17574630,117819718,G,A,1
6,rs12176531,33958428,G,A,1
7,rs2906154,2521374,G,A,1
7,rs2906155,2521090,G,A,1
7,rs2969070,2512545,G,A,1
7,rs1859168,27242359,C,A,1
7,rs929250,27245101,T,G,1
7,rs17428471,27337867,T,G,1
7,rs2023843,27243221,T,C,1
7,rs6961048,27328187,G,C,1
7,rs12535894,27329173,G,C,1
7,rs4722675,27243962,G,A,1
7,rs4722671,27230988,T,C,1
7,rs7800053,27316640,G,A,1
7,rs17438166,27341976,T,C,1
7,rs17502580,27350607,G,A,1
7,rs12705389,106405642,T,C,1
8,rs3088186,10226355,T,C,1
8,rs12676935,68884736,G,C,1
8,rs4735335,95973327,G,C,1
8,rs896846,95972453,G,A,1
8,rs896847,95972551,G,A,1
8,rs4735337,95973465,T,C,1
8,rs306948,142016384,C,A,1
8,rs306954,142012959,T,C,1
8,rs7824374,142016909,G,A,1
8,rs7829671,142018135,G,A,1
10,rs4373814,18419972,G,A,1
10,rs11014166,18708798,T,C,1
10,rs12258967,18727959,G,G,1
10,rs1813353,18707448,T,C,1
10,rs1891393,18427430,T,C,1
10,rs2357790,18423380,T,C,1
10,rs10764319,18428415,T,C,1
10,rs11596960,18420326,G,A,1
10,rs12570727,18425519,G,A,1
10,rs4590817,63467553,G,A,1
10,rs12244842,63439186,T,A,1
10,rs12246717,63459183,T,G,1
10,rs1992625,63520698,T,C,1
10,rs2166122,63523074,T,C,1
10,rs2393833,63445316,T,C,1
10,rs2588992,63514671,T,C,1
10,rs3750727,63444405,G,C,1
10,rs10821910,63461129,T,C,1
10,rs10994886,63469264,T,C,1
10,rs16916504,63452956,G,C,1
10,rs7922049,63462365,G,A,1
10,rs13013,75562161,C,A,1
10,rs3957126,75450692,C,C,1
10,rs6480709,75479125,T,A,1
10,rs7076585,75503692,T,C,1
10,rs12247028,75410052,G,C,1
10,rs10824031,75509273,T,A,1
10,rs11000746,75461187,T,C,1
10,rs7080350,75577843,G,C,1
10,rs9664184,75409967,T,A,1
10,rs11000760,75493734,G,C,1
10,rs2274224,96039597,G,A,1
10,rs8354,104436641,T,A,1
10,rs3824755,104595849,G,C,1
10,rs9633712,104873761,G,C,1
10,rs932764,95895940,G,A,1
10,rs11191531,104806898,G,G,1
10,rs12219304,104931584,G,C,1
10,rs12411886,104685299,C,C,1
10,rs2901761,95895127,G,G,1
10,rs10786152,95893514,G,A,1
10,rs17115100,104591393,T,A,1
10,rs284844,104554529,G,A,1
10,rs284861,104572276,G,A,1
10,rs732998,104897901,T,C,1
10,rs1004467,104594507,G,C,1
10,rs7098825,104628234,T,C,1
10,rs10883815,104739179,T,C,1
10,rs10883766,104464763,G,C,1
10,rs11191515,104776527,G,A,1
10,rs11191543,104824387,G,A,1
10,rs11191558,104864678,G,A,1
10,rs11191582,104913653,G,A,1
10,rs11191479,104723620,T,C,1
10,rs11191499,104764271,T,C,1
10,rs11191548,104846178,T,C,1
10,rs11191560,104869038,T,C,1
10,rs11191580,104906211,T,C,1
10,rs11191593,104939215,T,C,1
10,rs12217501,104851889,T,C,1
10,rs12219027,104811203,T,C,1
10,rs12220375,104901491,T,C,1
10,rs12413409,104719096,G,A,1
11,rs1450268,10335601,T,C,1
11,rs1442739,10278431,T,A,1
11,rs2920150,10296653,T,A,1
11,rs7112413,10265500,T,C,1
11,rs7947059,10268814,T,A,1
11,rs7129220,10350538,G,C,1
11,rs7930218,10234712,T,C,1
11,rs10840378,10273128,T,C,1
11,rs16907654,10345436,G,A,1
11,rs17294292,10211901,T,C,1
11,rs17294609,10230486,T,A,1
11,rs17296211,10296494,T,C,1
11,rs17296765,10332289,T,C,1
11,rs17294693,10232713,G,A,1
11,rs17295786,10278837,G,A,1
11,rs17359382,10186222,G,A,1
11,rs381815,16902268,T,C,1
11,rs4077089,10330045,G,A,1
11,rs7926335,16917869,T,C,1
11,rs11231600,63602112,T,G,1
11,rs633185,100593538,G,G,1
11,rs1532710,100536632,T,C,1
11,rs486023,100643137,G,C,1
11,rs604723,100610546,T,C,1
11,rs653320,100570960,T,C,1
11,rs670401,100572410,G,A,1
11,rs7942556,100534632,T,A,1
11,rs10895001,100533021,G,A,1
11,rs17095329,100540360,G,A,1
12,rs2098990,115419855,C,A,1
12,rs7957733,115419713,G,C,1
12,rs1317715,115418799,T,C,1
12,rs1863717,115420508,T,A,1
12,rs7957333,115419359,G,A,1
12,rs10850411,115387796,T,C,1
12,rs10774783,115383818,G,A,1
12,rs10505861,20337604,G,A,1
12,rs17374842,20337687,G,C,1
12,rs17374759,20337464,G,C,1
12,rs11105364,90069276,T,C,1
12,rs11105368,90074441,G,G,1
12,rs2681472,90008959,G,C,1
12,rs2681492,90013089,T,A,1
12,rs4842666,89941549,T,C,1
12,rs11105328,89942390,G,C,1
12,rs11105354,90026523,G,A,1
12,rs11105378,90090741,T,A,1
12,rs11105379,90095173,T,C,1
12,rs11105382,90107272,T,C,1
12,rs11105383,90107306,T,C,1
12,rs12230074,90090867,G,C,1
12,rs12579302,90050503,G,A,1
12,rs17249754,90060586,G,A,1
12,rs11066188,112610714,G,C,1
12,rs4766578,111904371,T,C,1
12,rs10849946,111830485,G,A,1
12,rs653178,112007756,T,C,1
12,rs1362006,111742222,T,C,1
12,rs3184504,111884608,T,A,1
12,rs3843673,111746499,G,C,1
12,rs3803167,111785586,T,A,1
12,rs7297186,111778178,T,C,1
12,rs7300860,111754597,T,C,1
12,rs7302763,111827569,T,C,1
12,rs7398833,111786892,T,C,1
12,rs10849931,111753808,T,C,1
12,rs10774619,111773925,G,C,1
12,rs10774623,111833589,G,A,1
12,rs10774625,111910219,G,A,1
12,rs11065987,112072424,G,A,1
12,rs7977406,115359424,G,A,1
12,rs10744835,115353849,G,A,1
12,rs11066320,112906415,G,A,1
12,rs12580178,113024793,G,A,1
12,rs17630235,112591686,G,A,1
12,rs17696736,112486818,G,A,1
12,rs11066301,112871372,G,C,1
13,rs9741066,31408637,G,A,1
14,rs4906239,103078073,G,A,1
14,rs3213717,75378347,T,A,1
14,rs3813556,75244792,G,A,1
14,rs8016513,75238261,T,C,1
14,rs11844957,75224651,T,C,1
14,rs17183215,75306427,G,A,1
15,rs11853055,90637450,T,A,1
15,rs10459702,90638393,G,A,1
15,rs4886606,75057747,T,A,1
15,rs1378940,75083494,C,A,1
15,rs1378941,75080150,C,A,1
15,rs1378942,75077367,C,A,1
15,rs7085,75095483,T,A,1
15,rs12487,75136694,T,C,1
15,rs4886406,75057203,T,C,1
15,rs6495122,75125645,C,G,1
15,rs7176022,75107880,C,A,1
15,rs11072514,75221865,T,A,1
15,rs2472304,75044238,G,C,1
15,rs2301249,75092384,T,A,1
15,rs2168519,75080872,T,A,1
15,rs1543927,75063573,T,C,1
15,rs1378938,75096443,T,C,1
15,rs1133322,75212357,G,C,1
15,rs1133323,75212225,T,A,1
15,rs1127796,75193004,T,C,1
15,rs2071410,91420940,G,A,1
15,rs11638635,91435516,G,A,1
15,rs6227,91425232,T,C,1
15,rs4932178,91411656,T,C,1
15,rs936226,75069282,T,A,1
15,rs3765066,75140854,G,C,1
15,rs7495739,75185670,G,A,1
15,rs8033381,75080685,G,A,1
15,rs11854147,75052771,T,A,1
15,rs11856413,75199892,G,C,1
15,rs12442901,75083912,G,A,1
15,rs7497393,75175457,G,C,1
15,rs4886629,75072558,G,C,1
15,rs4886410,75065644,G,C,1
15,rs3784789,75082552,G,C,1
15,rs11072511,75159433,G,A,1
15,rs11072508,75062397,T,A,1
15,rs7162232,75115895,G,A,1
16,rs4888379,75340231,T,A,1
16,rs4993969,75411521,T,A,1
16,rs1011121,75325933,G,A,1
16,rs4243111,75320827,T,C,1
16,rs4888383,75386349,T,C,1
16,rs4888378,75332041,G,A,1
16,rs4888386,75389740,G,A,1
16,rs7199132,75450039,T,C,1
16,rs8046109,75360096,G,A,1
17,rs4793172,43131480,T,C,1
17,rs7213273,43155914,G,A,1
17,rs12946454,43208121,T,A,1
17,rs4413004,43106844,T,C,1
17,rs2301597,43173273,T,C,1
17,rs2239923,43176804,T,C,1
17,rs2239919,43169392,G,C,1
17,rs708381,43102588,T,A,1
17,rs2233359,47286962,T,C,1
17,rs17711010,47485962,C,G,1
17,rs17608766,45013271,T,C,1
20,rs6078000,10977631,G,A,1
20,rs260014,57759459,T,A,1
20,rs6026710,57705514,T,A,1
20,rs6026727,57722735,T,C,1
20,rs6026732,57729359,C,A,1
20,rs183173,57726105,T,C,1
20,rs6026728,57723130,T,C,1
20,rs6026733,57729434,G,C,1
20,rs6026742,57740605,G,A,1
20,rs6026747,57745624,G,A,1
20,rs7267618,57706524,T,C,1
20,rs11905512,57753996,G,G,1
20,rs260013,57760723,G,A,1
20,rs6015450,57751117,G,A,1
20,rs6026748,57745815,G,A,1
20,rs6092743,57700370,G,A,1
20,rs8116295,57713314,G,C,1
20,rs11906755,57733334,G,C,1
20,rs16982520,57758720,G,A,1
20,rs6108789,10974785,G,C,1
20,rs1327235,10969030,G,A,1
20,rs2104574,10968891,T,C,1
20,rs6077996,10972839,G,A,1
20,rs6081246,18595818,G,A,1
